<?xml version="1.0" encoding="UTF-8"?>
<project-private xmlns="http://www.netbeans.org/ns/project-private/1">
    <editor-bookmarks xmlns="http://www.netbeans.org/ns/editor-bookmarks/2" lastBookmarkId="0"/>
    <open-files xmlns="http://www.netbeans.org/ns/projectui-open-files/2">
        <group>
            <file>file:/C:/Users/Edison/Downloads/PasteleriaProyectoAvance%20(6)/PasteleriaProyectoAvance/src/model/Producto.java</file>
            <file>file:/C:/Users/Edison/Downloads/PasteleriaProyectoAvance%20(6)/PasteleriaProyectoAvance/src/model/Transferencia.java</file>
            <file>file:/C:/Users/Edison/Downloads/PasteleriaProyectoAvance%20(6)/PasteleriaProyectoAvance/src/model/Envio.java</file>
            <file>file:/C:/Users/Edison/Downloads/PasteleriaProyectoAvance%20(6)/PasteleriaProyectoAvance/src/model/MetodoPago.java</file>
            <file>file:/C:/Users/Edison/Downloads/PasteleriaProyectoAvance%20(6)/PasteleriaProyectoAvance/src/model/Personal.java</file>
            <file>file:/C:/Users/Edison/Downloads/PasteleriaProyectoAvance%20(6)/PasteleriaProyectoAvance/src/model/TarjetaCredito.java</file>
            <file>file:/C:/Users/Edison/Downloads/PasteleriaProyectoAvance%20(6)/PasteleriaProyectoAvance/src/model/Pago.java</file>
            <file>file:/C:/Users/Edison/Downloads/PasteleriaProyectoAvance%20(6)/PasteleriaProyectoAvance/src/model/Cliente.java</file>
            <file>file:/C:/Users/Edison/Downloads/PasteleriaProyectoAvance%20(6)/PasteleriaProyectoAvance/src/model/Facturacion.java</file>
            <file>file:/C:/Users/Edison/Downloads/PasteleriaProyectoAvance%20(6)/PasteleriaProyectoAvance/src/model/Persona.java</file>
            <file>file:/C:/Users/Edison/Downloads/PasteleriaProyectoAvance%20(6)/PasteleriaProyectoAvance/src/model/Usuario.java</file>
        </group>
    </open-files>
</project-private>
